{
  "experiment_info": {
    "experiment_id": "Run 8-200",
    "timestamp": "20250730_151245",
    "video_dataset": "DADA-200-videos",
    "total_videos": 200,
    "processed_videos": 190,
    "valid_evaluations": 190
  },
  "performance_metrics": {
    "f1_score": 0.5892857142857143,
    "precision": 0.46808510638297873,
    "recall": 0.7951807228915663,
    "specificity": 0.29906542056074764,
    "accuracy": 0.5157894736842106,
    "balanced_accuracy": 0.5471230717261569
  },
  "confusion_matrix": {
    "true_positives": 66,
    "true_negatives": 32,
    "false_positives": 75,
    "false_negatives": 17
  },
  "comparison_with_run8": {
    "run8_f1": 0.65,
    "run8_precision": 0.542,
    "run8_recall": 0.812,
    "run8_specificity": 0.674,
    "run8_accuracy": 0.72,
    "f1_improvement": -0.06071428571428572,
    "precision_improvement": -0.0739148936170213,
    "recall_improvement": -0.016819277108433783,
    "specificity_improvement": -0.3749345794392524,
    "accuracy_improvement": -0.2042105263157894
  }
}