{
    "处理统计": {
        "总视频数": 20,
        "成功": 20,
        "失败": 0,
        "跳过": 0,
        "总耗时_秒": 449.8060040473938,
        "完成时间": "2025-07-26 21:50:00",
        "失败的视频": []
    },
    "时长统计": {
        "平均时长": 12.967500000000001,
        "最短时长": 5.73,
        "最长时长": 22.67,
        "中位时长": 14.0,
        "时长分布": {
            "0-5秒": 0,
            "5-10秒": 4,
            "10-15秒": 13,
            "15-20秒": 1,
            "20-30秒": 2,
            "30-60秒": 0,
            "60秒以上": 0
        }
    }
}