{
  "precision": 0.6666666666666666,
  "recall": 0.25,
  "f1_score": 0.36363636363636365,
  "accuracy": 0.36363636363636365,
  "tp": 2,
  "fp": 1,
  "tn": 2,
  "fn": 6,
  "errors": 90,
  "total_videos": 101
}