{
  "evaluation_videos": 99,
  "ghost_probing_videos": 54,
  "normal_videos": 45,
  "models": {
    "原版GPT-4.1": {
      "accuracy": 0.5454545454545454,
      "precision": 0.5454545454545454,
      "recall": 1.0,
      "f1": 0.7058823529411765,
      "true_positives": 54,
      "false_positives": 45,
      "true_negatives": 0,
      "false_negatives": 0,
      "specificity": 0.0
    },
    "平衡版GPT-4.1": {
      "accuracy": 0.5757575757575758,
      "precision": 0.5652173913043478,
      "recall": 0.9629629629629629,
      "f1": 0.7123287671232876,
      "true_positives": 52,
      "false_positives": 40,
      "true_negatives": 5,
      "false_negatives": 2,
      "specificity": 0.1111111111111111
    }
  }
}