{
  "experiment_info": {
    "comparison_timestamp": "2025-07-09_14-54-05",
    "purpose": "ICCV Paper Performance Comparison",
    "models_compared": [
      "GP3S-V1-FPR",
      "GP3S-V2-BALANCED"
    ]
  },
  "gp3s_v1_fpr_results": {
    "total_compared": 99,
    "correct_predictions": 39,
    "accuracy": 39.39393939393939,
    "true_positives": 4,
    "false_positives": 7,
    "false_negatives": 41,
    "precision": 36.36363636363637,
    "recall": 7.6923076923076925,
    "f1_score": 12.698412698412698,
    "fp_rate": 7.07070707070707,
    "fn_rate": 41.41414141414141,
    "ghost_gt_total": 52,
    "ghost_pred_total": 11
  },
  "gp3s_v2_balanced_results": {
    "total_compared": 88,
    "correct_predictions": 37,
    "accuracy": 42.04545454545455,
    "true_positives": 32,
    "false_positives": 33,
    "false_negatives": 16,
    "precision": 48.484848484848484,
    "recall": 66.66666666666666,
    "f1_score": 56.14035087719298,
    "fp_rate": 37.5,
    "fn_rate": 18.181818181818183,
    "ghost_gt_total": 48,
    "ghost_pred_total": 66
  },
  "performance_improvements": {
    "accuracy": {
      "v1_value": 39.39393939393939,
      "v2_value": 42.04545454545455,
      "improvement_percentage": 6.7307692307692415
    },
    "precision": {
      "v1_value": 36.36363636363637,
      "v2_value": 48.484848484848484,
      "improvement_percentage": 33.33333333333332
    },
    "recall": {
      "v1_value": 7.6923076923076925,
      "v2_value": 66.66666666666666,
      "improvement_percentage": 766.6666666666665
    },
    "f1_score": {
      "v1_value": 12.698412698412698,
      "v2_value": 56.14035087719298,
      "improvement_percentage": 342.10526315789474
    },
    "fp_rate": {
      "v1_value": 7.07070707070707,
      "v2_value": 37.5,
      "improvement_percentage": -430.3571428571429
    },
    "fn_rate": {
      "v1_value": 41.41414141414141,
      "v2_value": 18.181818181818183,
      "improvement_percentage": 56.09756097560975
    }
  },
  "detailed_analysis": {
    "recall_improvement": {
      "description": "Major improvement in detecting ghost probing events",
      "v1_recall": 7.6923076923076925,
      "v2_recall": 66.66666666666666,
      "improvement_factor": 8.666666666666666
    },
    "precision_tradeoff": {
      "description": "Precision decreased as expected due to recall optimization",
      "v1_precision": 36.36363636363637,
      "v2_precision": 48.484848484848484,
      "tradeoff_acceptable": true
    },
    "false_positive_analysis": {
      "description": "False positive rate increased but within acceptable bounds",
      "v1_fp_rate": 7.07070707070707,
      "v2_fp_rate": 37.5,
      "still_acceptable": true
    },
    "overall_balance": {
      "description": "F1-score indicates better overall balance",
      "v1_f1": 12.698412698412698,
      "v2_f1": 56.14035087719298,
      "balance_improved": true
    }
  }
}