{
  "analysis_timestamp": "2025-07-10T16:47:19.441827",
  "dataset_info": {
    "ground_truth_file": "result/groundtruth_labels.csv",
    "total_videos": 101,
    "positive_samples": 53,
    "negative_samples": 48
  },
  "gpt4o_metrics": {
    "model": "GPT-4o",
    "accuracy": 0.504950495049505,
    "precision": 0.5294117647058824,
    "recall": 0.5094339622641509,
    "f1_score": 0.5192307692307693,
    "specificity": 0.5,
    "balanced_accuracy": 0.5047169811320755,
    "true_positives": 27,
    "true_negatives": 24,
    "false_positives": 24,
    "false_negatives": 26,
    "total_samples": 101
  },
  "gemini_metrics": {
    "model": "Gemini",
    "accuracy": 0.46534653465346537,
    "precision": 0.0,
    "recall": 0.0,
    "f1_score": 0.0,
    "specificity": 0.9791666666666666,
    "balanced_accuracy": 0.4895833333333333,
    "true_positives": 0,
    "true_negatives": 47,
    "false_positives": 1,
    "false_negatives": 53,
    "total_samples": 101
  },
  "comparison": {
    "accuracy": {
      "gpt4o": 0.504950495049505,
      "gemini": 0.46534653465346537,
      "difference": -0.039603960396039584,
      "percentage_change": -7.843137254901957
    },
    "precision": {
      "gpt4o": 0.5294117647058824,
      "gemini": 0.0,
      "difference": -0.5294117647058824,
      "percentage_change": -100.0
    },
    "recall": {
      "gpt4o": 0.5094339622641509,
      "gemini": 0.0,
      "difference": -0.5094339622641509,
      "percentage_change": -100.0
    },
    "f1_score": {
      "gpt4o": 0.5192307692307693,
      "gemini": 0.0,
      "difference": -0.5192307692307693,
      "percentage_change": -100.0
    },
    "specificity": {
      "gpt4o": 0.5,
      "gemini": 0.9791666666666666,
      "difference": 0.47916666666666663,
      "percentage_change": 95.83333333333333
    },
    "balanced_accuracy": {
      "gpt4o": 0.5047169811320755,
      "gemini": 0.4895833333333333,
      "difference": -0.015133647798742211,
      "percentage_change": -2.9984423676012604
    }
  },
  "model_comparison_summary": {
    "gpt4o": 5,
    "gemini": 1,
    "tie": 0
  }
}