{
  "analysis_timestamp": "2025-07-10T21:14:54.500853",
  "description": "Practical comparison based on available model results",
  "ground_truth_info": {
    "total_gt_samples": 100,
    "positive_samples": 52,
    "negative_samples": 48
  },
  "model_results": {
    "gpt4o": {
      "model": "GPT-4o",
      "sample_size": 99,
      "accuracy": 0.5252525252525253,
      "precision": 0.5274725274725275,
      "recall": 0.9230769230769231,
      "f1_score": 0.6713286713286714,
      "specificity": 0.0851063829787234,
      "balanced_accuracy": 0.5040916530278232,
      "true_positives": 48,
      "true_negatives": 4,
      "false_positives": 43,
      "false_negatives": 4,
      "processed_videos": [
        "images_5_014",
        "images_5_043",
        "images_5_002",
        "images_4_002",
        "images_1_020",
        "images_3_005",
        "images_5_038",
        "images_5_018",
        "images_5_022",
        "images_1_016",
        "images_5_034",
        "images_5_035",
        "images_1_017",
        "images_5_023",
        "images_1_001",
        "images_5_019",
        "images_3_004",
        "images_2_004",
        "images_1_021",
        "images_5_003",
        "images_4_003",
        "images_5_054",
        "images_5_042",
        "images_5_015",
        "images_5_049",
        "images_5_008",
        "images_4_008",
        "images_1_006",
        "images_5_024",
        "images_1_010",
        "images_5_032",
        "images_5_012",
        "images_5_045",
        "images_5_053",
        "images_4_004",
        "images_5_004",
        "images_1_026",
        "images_5_028",
        "images_2_003",
        "images_3_003",
        "images_2_002",
        "images_3_002",
        "images_5_029",
        "images_1_027",
        "images_4_005",
        "images_5_005",
        "images_5_052",
        "images_5_044",
        "images_5_013",
        "images_5_033",
        "images_1_011",
        "images_5_025",
        "images_1_007",
        "images_5_009",
        "images_5_048",
        "images_5_030",
        "images_1_012",
        "images_5_026",
        "images_1_004",
        "images_3_001",
        "images_2_001",
        "images_1_008",
        "images_1_024",
        "images_5_006",
        "images_4_006",
        "images_5_051",
        "images_5_047",
        "images_5_010",
        "images_5_011",
        "images_5_046",
        "images_5_050",
        "images_5_007",
        "images_4_007",
        "images_1_025",
        "images_1_009",
        "images_1_005",
        "images_5_027",
        "images_1_013",
        "images_5_031",
        "images_1_018",
        "images_3_007",
        "images_1_022",
        "images_5_041",
        "images_5_016",
        "images_5_036",
        "images_1_014",
        "images_5_020",
        "images_1_002",
        "images_1_003",
        "images_5_021",
        "images_1_015",
        "images_5_037",
        "images_5_017",
        "images_5_040",
        "images_4_001",
        "images_5_001",
        "images_1_023",
        "images_3_006",
        "images_1_019"
      ]
    },
    "gpt41": {
      "model": "GPT-4.1",
      "sample_size": 2,
      "accuracy": 0.5,
      "precision": 0.5,
      "recall": 1.0,
      "f1_score": 0.6666666666666666,
      "specificity": 0.0,
      "balanced_accuracy": 0.5,
      "true_positives": 1,
      "true_negatives": 0,
      "false_positives": 1,
      "false_negatives": 0,
      "processed_videos": [
        "images_1_001",
        "images_1_002"
      ]
    },
    "gemini": {
      "model": "Gemini",
      "sample_size": 62,
      "accuracy": 0.532258064516129,
      "precision": 0.5272727272727272,
      "recall": 0.90625,
      "f1_score": 0.6666666666666666,
      "specificity": 0.13333333333333333,
      "balanced_accuracy": 0.5197916666666667,
      "true_positives": 29,
      "true_negatives": 4,
      "false_positives": 26,
      "false_negatives": 3,
      "processed_videos": [
        "images_5_014",
        "images_5_002",
        "images_4_002",
        "images_1_020",
        "images_1_016",
        "images_5_034",
        "images_1_017",
        "images_5_023",
        "images_1_001",
        "images_5_019",
        "images_3_004",
        "images_2_004",
        "images_1_021",
        "images_5_003",
        "images_4_003",
        "images_5_042",
        "images_5_015",
        "images_5_049",
        "images_4_008",
        "images_1_006",
        "images_1_010",
        "images_5_032",
        "images_5_045",
        "images_4_004",
        "images_1_026",
        "images_5_028",
        "images_2_003",
        "images_3_003",
        "images_2_002",
        "images_3_002",
        "images_5_029",
        "images_1_027",
        "images_4_005",
        "images_1_011",
        "images_1_007",
        "images_5_048",
        "images_1_012",
        "images_1_004",
        "images_3_001",
        "images_2_001",
        "images_1_008",
        "images_1_024",
        "images_4_006",
        "images_5_010",
        "images_1_025",
        "images_1_009",
        "images_1_005",
        "images_1_013",
        "images_5_031",
        "images_1_018",
        "images_1_022",
        "images_5_041",
        "images_5_016",
        "images_1_014",
        "images_1_002",
        "images_1_003",
        "images_1_015",
        "images_5_017",
        "images_4_001",
        "images_5_001",
        "images_1_023",
        "images_1_019"
      ]
    }
  },
  "available_models": {
    "GPT-4o": "result/gpt4o-100-3rd",
    "GPT-4.1": "result/gpt41-gt-complete",
    "Gemini": "result/gemini-1.5-flash"
  },
  "evaluation_notes": {
    "note": "Evaluation based on actually processed videos by each model",
    "gpt41_limitation": "GPT-4.1 processing limited by Azure content filtering policies"
  }
}