{
  "analysis_timestamp": "2025-07-10T19:59:02.267337",
  "ground_truth_info": {
    "total_gt_samples": 100,
    "positive_samples": 52,
    "negative_samples": 48
  },
  "model_metrics": {
    "gpt4o": {
      "model": "GPT-4o",
      "accuracy": 0.53,
      "precision": 0.5274725274725275,
      "recall": 0.9230769230769231,
      "f1_score": 0.6713286713286714,
      "specificity": 0.10416666666666667,
      "balanced_accuracy": 0.5136217948717949,
      "true_positives": 48,
      "true_negatives": 5,
      "false_positives": 43,
      "false_negatives": 4,
      "total_gt_samples": 100,
      "evaluated_samples": 100,
      "processed_samples": 99
    },
    "gpt41": {
      "model": "GPT-4.1",
      "accuracy": 0.48,
      "precision": 0.0,
      "recall": 0.0,
      "f1_score": 0.0,
      "specificity": 1.0,
      "balanced_accuracy": 0.5,
      "true_positives": 0,
      "true_negatives": 48,
      "false_positives": 0,
      "false_negatives": 52,
      "total_gt_samples": 100,
      "evaluated_samples": 100,
      "processed_samples": 0
    },
    "gemini": {
      "model": "Gemini",
      "accuracy": 0.56,
      "precision": 0.6052631578947368,
      "recall": 0.4423076923076923,
      "f1_score": 0.5111111111111111,
      "specificity": 0.6875,
      "balanced_accuracy": 0.5649038461538461,
      "true_positives": 23,
      "true_negatives": 33,
      "false_positives": 15,
      "false_negatives": 29,
      "total_gt_samples": 100,
      "evaluated_samples": 100,
      "processed_samples": 41
    }
  },
  "comparisons": {
    "accuracy": {
      "gpt4o": 0.53,
      "gpt41": 0.48,
      "gemini": 0.56,
      "best_model": "gemini",
      "best_value": 0.56
    },
    "precision": {
      "gpt4o": 0.5274725274725275,
      "gpt41": 0.0,
      "gemini": 0.6052631578947368,
      "best_model": "gemini",
      "best_value": 0.6052631578947368
    },
    "recall": {
      "gpt4o": 0.9230769230769231,
      "gpt41": 0.0,
      "gemini": 0.4423076923076923,
      "best_model": "gpt4o",
      "best_value": 0.9230769230769231
    },
    "f1_score": {
      "gpt4o": 0.6713286713286714,
      "gpt41": 0.0,
      "gemini": 0.5111111111111111,
      "best_model": "gpt4o",
      "best_value": 0.6713286713286714
    },
    "specificity": {
      "gpt4o": 0.10416666666666667,
      "gpt41": 1.0,
      "gemini": 0.6875,
      "best_model": "gpt41",
      "best_value": 1.0
    },
    "balanced_accuracy": {
      "gpt4o": 0.5136217948717949,
      "gpt41": 0.5,
      "gemini": 0.5649038461538461,
      "best_model": "gemini",
      "best_value": 0.5649038461538461
    }
  }
}