{
  "precision": 0.4878048780487805,
  "recall": 0.37735849056603776,
  "f1_score": 0.425531914893617,
  "accuracy": 0.46534653465346537,
  "tp": 20,
  "fp": 21,
  "tn": 27,
  "fn": 33,
  "errors": 0,
  "total_videos": 101
}