{
  "precision": 0.6046511627906976,
  "recall": 0.5652173913043478,
  "f1_score": 0.5842696629213482,
  "accuracy": 0.5542168674698795,
  "tp": 26,
  "fp": 17,
  "tn": 20,
  "fn": 20,
  "errors": 16,
  "total_videos": 99,
  "comparison_with_gpt41_balanced": {
    "gpt41_balanced_f1": 0.712,
    "gpt41_balanced_recall": 0.963,
    "gpt41_balanced_precision": 0.565,
    "gpt4o_balanced_f1": 0.5842696629213482,
    "gpt4o_balanced_recall": 0.5652173913043478,
    "gpt4o_balanced_precision": 0.6046511627906976,
    "f1_difference": -0.12773033707865178,
    "recall_difference": -0.3977826086956522,
    "precision_difference": 0.03965116279069769
  }
}