{
  "precision": 0.6027397260273972,
  "recall": 0.8148148148148148,
  "f1_score": 0.6929133858267718,
  "accuracy": 0.59375,
  "tp": 44,
  "fp": 29,
  "tn": 13,
  "fn": 10,
  "errors": 3,
  "total_videos": 99
}