{
  "precision": 0.7058823529411765,
  "recall": 0.8571428571428571,
  "f1_score": 0.7741935483870968,
  "accuracy": 0.65,
  "tp": 12,
  "fp": 5,
  "tn": 1,
  "fn": 2,
  "errors": 0,
  "total_videos": 20
}